name,comment,version
assets/1988-1991/2018-08-21 18.43.40.jpg,,1
assets/1988-1991/.DS_Store,,1
assets/1988-1991/2018-08-21 18.43.16.jpg,,1
assets/1988-1991/2018-08-21 18.44.18.jpg,,1
assets/.DS_Store,,1
assets/1988-1991/2018-08-21 18.45.16.jpg,,1
assets/1988-1991/2018-08-21 18.46.56.jpg,,1
assets/1988-1991/2018-08-21 18.45.50.jpg,,1
assets/1988-1991/2018-08-21 18.48.58.jpg,,1
assets/1988-1991/2018-08-21 18.47.15.jpg,,1
assets/1988-1991/2018-08-21 18.49.14.jpg,,1
assets/1988-1991/2018-08-21 18.49.36.jpg,,1
assets/1988-1991/2018-08-21 18.46.20.jpg,,1
assets/1988-1991/2018-08-21 18.45.05.jpg,,1
assets/1988-1991/2018-08-21 18.50.06.jpg,,1
assets/1988-1991/2018-08-21 18.50.27.jpg,,1
assets/1988-1991/2018-08-21 18.51.43.jpg,,1
assets/1988-1991/2018-08-21 18.51.30.jpg,,1
assets/1988-1991/2018-08-21 18.52.08.jpg,,1
assets/1988-1991/2018-08-21 18.52.23.jpg,,1
assets/1988-1991/2018-08-21 18.53.48.jpg,,1
assets/1988-1991/2018-08-21 18.53.30.jpg,,1
assets/1988-1991/2018-08-21 18.54.38.jpg,,1
assets/1988-1991/2018-08-21 18.54.07.jpg,,1
assets/1988-1991/2018-08-21 18.54.18.jpg,,1
assets/1988-1991/2018-08-21 18.55.20.jpg,,1
assets/1988-1991/2018-08-21 18.57.52.jpg,,1
assets/1988-1991/2018-08-21 18.55.46.jpg,,1
assets/1988-1991/2018-08-21 18.57.34.jpg,,1
assets/1988-1991/2018-08-21 18.56.00.jpg,,1
assets/1988-1991/2018-08-22 12.40.56.jpg,,1
assets/1988-1991/2018-08-21 18.56.22.jpg,,1
assets/1988-1991/2018-08-22 12.47.02.jpg,,1
assets/1988-1991/2018-08-22 12.46.45.jpg,,1
assets/1988-1991/2018-08-22 12.46.20.jpg,,1
assets/1988-1991/2018-08-22 13.08.55.jpg,,1
assets/1988-1991/2018-08-22 12.47.42.jpg,,1
assets/1988-1991/2018-08-22 13.08.17.jpg,,1
assets/1988-1991/2018-08-22 12.47.20.jpg,,1
assets/1988-1991/2018-12-21 04.13.29.jpg,,1
assets/1988-1991/2018-08-22 13.09.58.jpg,,1
assets/1988-1991/2018-08-22 13.09.25.jpg,,1
assets/1988-1991/2018-08-22 14.16.43.jpg,,1
assets/2000-2001/2018-08-21 14.31.52.jpg,,1
assets/2000-2001/2018-08-21 14.29.02.jpg,,1
assets/1988-1991/2018-12-21 04.13.32.jpg,,1
assets/2000-2001/2018-08-21 13.50.56.jpg,,1
assets/2000-2001/2018-08-21 14.35.35.jpg,,1
assets/2000-2001/2018-08-21 14.37.44.jpg,,1
assets/2000-2001/2018-08-21 14.36.16.jpg,,1
assets/2000-2001/2018-08-21 14.34.33.jpg,,1
assets/2000-2001/2018-08-21 19.16.50.jpg,,1
assets/2000-2001/2018-08-21 19.05.36.jpg,,1
assets/2000-2001/2018-08-22 12.06.02.jpg,,1
assets/2000-2001/2018-08-22 12.41.53.jpg,,1
assets/2000-2001/2018-08-22 12.33.38.jpg,,1
assets/2000-2001/2018-08-22 12.33.31.jpg,,1
assets/2000-2001/2018-08-22 12.04.50.jpg,,1
assets/2000-2001/2018-08-22 12.58.53.jpg,,1
assets/2000-2001/2018-08-22 13.00.24.jpg,,1
assets/2000-2001/2018-08-22 13.05.02.jpg,,1
assets/2000-2001/2018-08-22 13.11.52.jpg,,1
assets/2000-2001/2018-08-22 13.12.39.jpg,,1
assets/1992-1999/2018-08-21 13.53.15.jpg,,1
assets/2000-2001/2018-08-22 13.17.20.jpg,,1
assets/1992-1999/.DS_Store,,1
assets/1992-1999/2018-08-21 13.43.41.jpg,,1
assets/1992-1999/2018-08-21 13.53.44.jpg,,1
assets/1992-1999/2018-08-21 13.54.20.jpg,,1
assets/1992-1999/2018-08-21 14.01.42.jpg,,1
assets/1992-1999/2018-08-21 13.58.27.jpg,,1
assets/1992-1999/2018-08-21 14.01.22.jpg,,1
assets/1992-1999/2018-08-21 13.59.09.jpg,,1
assets/1992-1999/2018-08-21 14.08.35.jpg,,1
assets/1992-1999/2018-08-21 14.13.31.jpg,,1
assets/1992-1999/2018-08-21 14.08.48.jpg,,1
assets/1992-1999/2018-08-21 14.09.37.jpg,,1
assets/1992-1999/2018-08-21 14.21.52.jpg,,1
assets/1992-1999/2018-08-21 16.37.02.jpg,,1
assets/1992-1999/2018-08-21 16.40.27.jpg,,1
assets/1992-1999/2018-08-21 14.19.31.jpg,,1
assets/1992-1999/2018-08-21 14.22.57.jpg,,1
assets/1992-1999/2018-08-21 16.38.02.jpg,,1
assets/1992-1999/2018-08-21 16.43.11.jpg,,1
assets/1992-1999/2018-08-21 16.48.27.jpg,,1
assets/1992-1999/2018-08-21 16.51.49.jpg,,1
assets/1992-1999/2018-08-21 19.04.45.jpg,,1
assets/1992-1999/2018-08-21 19.03.19.jpg,,1
assets/1992-1999/2018-08-21 19.03.05.jpg,,1
assets/1992-1999/2018-08-21 19.03.44.jpg,,1
assets/1992-1999/2018-08-21 19.05.24.jpg,,1
assets/1992-1999/2018-08-21 19.06.15.jpg,,1
assets/1992-1999/2018-08-21 19.05.58.jpg,,1
assets/1992-1999/2018-08-22 12.14.14.jpg,,1
assets/1992-1999/2018-08-22 12.13.04.jpg,,1
assets/1992-1999/2018-08-21 19.11.48.jpg,,1
assets/1992-1999/2018-08-21 19.11.20.jpg,,1
assets/1992-1999/2018-08-22 12.19.47.jpg,,1
assets/1992-1999/2018-08-22 12.15.02.jpg,,1
assets/1992-1999/2018-08-22 12.14.35.jpg,,1
assets/1992-1999/2018-08-21 19.07.25.jpg,,1
assets/1992-1999/2018-08-22 12.16.48.jpg,,1
assets/1992-1999/2018-08-22 12.23.16.jpg,,1
assets/1992-1999/2018-08-22 12.22.34.jpg,,1
assets/1992-1999/2018-08-22 12.20.42.jpg,,1
assets/.gitkeep,,1
assets/1992-1999/2018-08-22 12.58.30.jpg,,1
assets/1992-1999/2018-08-22 13.50.31.jpg,,1
assets/1992-1999/2018-08-22 12.59.08.jpg,,1
assets/1992-1999/2018-08-22 12.44.18.jpg,,1
assets/1992-1999/2018-08-22 13.09.38.jpg,,1
assets/1992-1999/2018-08-22 14.03.06.jpg,,1
assets/2002-2013/.DS_Store,,1
assets/1992-1999/2018-08-22 12.23.30.jpg,,1
assets/1992-1999/2018-08-22 12.24.12.jpg,,1
assets/2014-/.DS_Store,,1
assets/1992-1999/2018-08-22 12.22.59.jpg,,1
assets/2002-2013/07.01.21 drive-download-20181222T072657Z-001/PHTO0001.JPG,,1
assets/2002-2013/07.05 1000 islands drive-download-20181222T074504Z-001/Picture 003.jpg,,1
assets/2002-2013/07.01.21 drive-download-20181222T072657Z-001/PHTO0002.JPG,,1
assets/2002-2013/07.06.17 drive-download-20181222T073455Z-001/p3.jpg,,1
assets/2002-2013/07.05 1000 islands drive-download-20181222T074504Z-001/Picture 005.jpg,,1
assets/2002-2013/07.06.17 drive-download-20181222T073455Z-001/p4.jpg,,1
assets/2002-2013/07.05 drive-download-20181222T074039Z-001/Picture 009.jpg,,1
assets/2002-2013/07.05 drive-download-20181222T074039Z-001/Picture 011.jpg,,1
assets/2002-2013/07.05 drive-download-20181222T074039Z-001/Picture 012.jpg,,1
assets/2002-2013/08.10 thanksgiving drive-download-20181222T074354Z-001/PHTO0014.JPG,,1
assets/2002-2013/07.07.01 drive-download-20181222T073317Z-001/PHTO0003.JPG,,1
assets/2002-2013/07.07.01 drive-download-20181222T073317Z-001/PHTO0011.JPG,,1
assets/2002-2013/08.10 thanksgiving drive-download-20181222T074354Z-001/PHTO0008.JPG,,1
assets/2002-2013/08.10. drive-download-20181222T073601Z-001/PHTO0008.JPG,,1
assets/2002-2013/08.12 drive-download-20181222T095824Z-001/2008 IMG_2594.jpg,,1
assets/2002-2013/07.07.01 drive-download-20181222T073317Z-001/PHTO0013.JPG,,1
assets/2002-2013/08.10. drive-download-20181222T073601Z-001/PHTO0013.JPG,,1
assets/2002-2013/08.12 drive-download-20181222T095824Z-001/Copy of 2008 IMG_2594.jpg,,1
assets/2002-2013/08.12.13 drive-download-20181222T072921Z-001/PHTO0012.JPG,,1
assets/2002-2013/08.12.13 drive-download-20181222T072921Z-001/PHTO0007.JPG,,1
assets/2002-2013/09. drive-download-20181222T073212Z-001/.DS_Store,,1
assets/2002-2013/09.03. china drive-download-20181222T074217Z-001/IMG00097-20090323-0214.jpg,,1
assets/2002-2013/09. drive-download-20181222T073911Z-001/Picture-lakeside 003.jpg,,1
assets/2002-2013/09. drive-download-20181222T073212Z-001/照片2 006.jpg,,1
assets/2002-2013/09.03. china drive-download-20181222T074217Z-001/IMG00113-20090324-0145.jpg,,1
assets/2002-2013/09.03. drive-download-20181222T073706Z-001/PHTO0013.JPG,,1
assets/2002-2013/09.05.24 drive-download-20181222T073108Z-001/IMG00243-20090402-1218.jpg,,1
assets/2002-2013/09. drive-download-20181222T073911Z-001/Picture-lakeside 004.jpg,,1
assets/2002-2013/09.03. drive-download-20181222T073706Z-001/PHTO0016.JPG,,1
assets/2002-2013/09.05.24 drive-download-20181222T073108Z-001/IMG00258-20090517-1021.jpg,,1
assets/2002-2013/09.03. drive-download-20181222T073706Z-001/PHTO0017.JPG,,1
assets/2002-2013/09.05.24 drive-download-20181222T073108Z-001/IMG00254-20090502-1223.jpg,,1
assets/2002-2013/09.05.24 drive-download-20181222T073108Z-001/IMG00264-20090517-1105.jpg,,1
assets/2002-2013/11.04.10 drive-download-20181222T075316Z-001/IMG00057-20110409-1310.jpg,,1
assets/2002-2013/11.04.10 drive-download-20181222T075316Z-001/IMG00056-20110409-1309.jpg,,1
assets/2002-2013/11.04.10 drive-download-20181222T075316Z-001/IMG00053-20110108-1341.jpg,,1
assets/2002-2013/09.05.24 drive-download-20181222T073108Z-001/IMG00265-20090517-1105.jpg,,1
assets/2002-2013/09.07/2018-08-22 15.26.13.jpg,,1
assets/2002-2013/09.06.17 drive-download-20181222T072816Z-001/PHTO0004.JPG,,1
assets/2002-2013/11.06.19 drive-download-20181222T075736Z-001/IMG00106-20110619-1254.jpg,,1
assets/2002-2013/11.04.10 drive-download-20181222T075316Z-001/IMG00062-20110410-1422.jpg,,1
assets/2002-2013/11.06.19 drive-download-20181222T075736Z-001/IMG00094-20110617-2022.jpg,,1
assets/2002-2013/09.06.17 drive-download-20181222T072816Z-001/PHTO0007.JPG,,1
assets/2002-2013/11.05.08 drive-download-20181222T075606Z-001/IMG00023-20101010-1426.jpg,,1
assets/2002-2013/11.06.19 drive-download-20181222T075736Z-001/IMG00100-20110618-2006.jpg,,1
assets/2002-2013/11.06.19 drive-download-20181222T075736Z-001/IMG00107-20110619-1255.jpg,,1
assets/2002-2013/11.05.08 drive-download-20181222T075606Z-001/IMG00020-20101010-1425.jpg,,1
assets/2002-2013/11.05.08 drive-download-20181222T075606Z-001/IMG00027-20101016-1653.jpg,,1
assets/2002-2013/11.05.08 drive-download-20181222T075606Z-001/IMG00031-20101016-1705.jpg,,1
assets/2002-2013/11.05.08 drive-download-20181222T075606Z-001/IMG00047-20101029-1220.jpg,,1
assets/2002-2013/11.05.08 drive-download-20181222T075606Z-001/IMG00051-20101107-1140.jpg,,1
assets/2002-2013/11.05.08 drive-download-20181222T075606Z-001/IMG00083-20110508-1405.jpg,,1
assets/2002-2013/11.05.08 drive-download-20181222T075606Z-001/IMG00075-20110430-1457.jpg,,1
assets/2002-2013/12.06.27 drive-download-20181222T080024Z-001/IMG00232-20120528-1646.jpg,,1
assets/2002-2013/12.06.27 drive-download-20181222T080024Z-001/IMG00216-20120519-1805.jpg,,1
assets/2002-2013/11.05.08 drive-download-20181222T075606Z-001/IMG00086-20110508-1409.jpg,,1
assets/2002-2013/12.06.27 drive-download-20181222T080024Z-001/IMG00238-20120617-1734.jpg,,1
assets/2002-2013/11.08 drive-download-20181222T075109Z-001/1016101703a.jpg,,1
assets/2002-2013/11.08 drive-download-20181222T075109Z-001/IMG-20110816-00021.jpg,,1
assets/2002-2013/11.08 drive-download-20181222T075109Z-001/IMG00186-20111207-1926.jpg,,1
assets/2002-2013/11.08 drive-download-20181222T075109Z-001/1016101824b.jpg,,1
assets/2002-2013/11.08 drive-download-20181222T075109Z-001/IMG00134-20110818-1827.jpg,,1
assets/2002-2013/12.08.26 drive-download-20181222T080427Z-001/sspx0031.jpg,,1
assets/2002-2013/11.08 drive-download-20181222T075109Z-001/IMG00205-20120504-1517.jpg,,1
assets/2002-2013/12.08.26 drive-download-20181222T080427Z-001/sspx0036.jpg,,1
assets/2002-2013/11.08 drive-download-20181222T075109Z-001/IMG00190-20120408-1131.jpg,,1
assets/2002-2013/12.08.26 drive-download-20181222T080427Z-001/sspx0170.jpg,,1
assets/2002-2013/12.08.26 drive-download-20181222T080427Z-001/sspx0162.jpg,,1
assets/2002-2013/12.08.26 drive-download-20181222T080427Z-001/sspx0041.jpg,,1
assets/2002-2013/12.08.26 drive-download-20181222T080427Z-001/sspx0064.jpg,,1
assets/2002-2013/12.12.27 drive-download-20181222T071712Z-001/IMG-20121227-00165.jpg,,1
assets/2002-2013/12.08.26 drive-download-20181222T080427Z-001/sspx0171.jpg,,1
assets/2002-2013/12.11.18 drive-download-20181222T080130Z-001/IMG00280-20120922-1516.jpg,,1
assets/2002-2013/12.11.18 drive-download-20181222T080130Z-001/IMG00270-20120828-1334.jpg,,1
assets/2002-2013/13.07.21 drive-download-20181222T080756Z-001/IMG00261-20120702-2113.jpg,,1
assets/2002-2013/13.07.21 drive-download-20181222T080756Z-001/IMG00257-20120702-2108.jpg,,1
assets/2002-2013/13.07.21 drive-download-20181222T080756Z-001/IMG00260-20120702-2112.jpg,,1
assets/2002-2013/12.12.27 drive-download-20181222T071712Z-001/IMG-20130531-00189.jpg,,1
assets/2002-2013/13.07.21 drive-download-20181222T080756Z-001/IMG00312-20130518-1340.jpg,,1
assets/2002-2013/13.07.21 drive-download-20181222T080756Z-001/IMG00298-20130421-1852.jpg,,1
assets/2002-2013/13.07.21 drive-download-20181222T080756Z-001/IMG00311-20130511-1612.jpg,,1
assets/2002-2013/13.07.21 drive-download-20181222T080756Z-001/IMG00332-20130518-1525.jpg,,1
assets/2002-2013/13.07.21 drive-download-20181222T080756Z-001/IMG00320-20130518-1419.jpg,,1
assets/2002-2013/13.07.21 drive-download-20181222T080756Z-001/IMG00309-20130511-1611.jpg,,1
assets/2002-2013/13.08.27 drive-download-20181222T081005Z-001/sspx0552.jpg,,1
assets/2002-2013/13.07.21 drive-download-20181222T080756Z-001/IMG00331-20130518-1745.jpg,,1
assets/2002-2013/self portrait/2018-08-22 14.28.14.jpg,,1
assets/2002-2013/self portrait/2018-08-22 13.05.48.jpg,,1
assets/2002-2013/self portrait/2018-08-22 14.29.02.jpg,,1
assets/2002-2013/13.08.27 drive-download-20181222T081005Z-001/sspx0553.jpg,,1
assets/2002-2013/self portrait/2018-08-22 23.23.08.jpg,,1
assets/2002-2013/self portrait/2018-08-22 15.23.16.jpg,,1
assets/2002-2013/self portrait/2018-08-22 14.30.18.jpg,,1
assets/2002-2013/self portrait/2018-08-22 15.23.56.jpg,,1
assets/2014-/15.07. drive-download-20181222T082012Z-001/2015-07-20 09.41.56.jpg,,1
assets/2002-2013/self portrait/Screenshot 2018-12-21 19.14.03.png,,1
assets/2002-2013/self portrait/Screenshot 2018-12-21 19.15.11.png,,1
assets/2002-2013/self portrait/2018-08-22 23.23.55.jpg,,1
assets/2014-/16. drive-download-20181222T072107Z-001/sspx0021.jpg,,1
assets/2014-/14.08 drive-download-20181222T084152Z-001/sspx0142.jpg,,1
assets/2014-/15.07. drive-download-20181222T082012Z-001/2015-07-20 12.00.14.jpg,,1
assets/2014-/14.08 drive-download-20181222T084152Z-001/sspx0144.jpg,,1
assets/2014-/16. drive-download-20181222T072107Z-001/sspx0144.jpg,,1
assets/2014-/16. drive-download-20181222T072107Z-001/sspx0087.jpg,,1
assets/2014-/16. drive-download-20181222T072107Z-001/sspx0011.jpg,,1
assets/2014-/16. drive-download-20181222T072107Z-001/sspx0149.jpg,,1
assets/2014-/16. drive-download-20181222T072304Z-001/sspx0627.jpg,,1
assets/2014-/16. drive-download-20181222T072304Z-001/sspx0675.jpg,,1
assets/2014-/16. drive-download-20181222T072107Z-001/sspx0548.jpg,,1
assets/2014-/16. drive-download-20181222T072304Z-001/sspx0665.jpg,,1
assets/2014-/16. drive-download-20181222T072458Z-001/sspx0926.jpg,,1
assets/2014-/16. drive-download-20181222T072304Z-001/sspx0765.jpg,,1
assets/2014-/16. drive-download-20181222T072458Z-001/sspx0898.jpg,,1
assets/2014-/16. drive-download-20181222T072458Z-001/sspx0979.jpg,,1
assets/2014-/16. drive-download-20181222T072458Z-001/sspx0880.jpg,,1
assets/2014-/16. drive-download-20181222T072458Z-001/sspx0983.jpg,,1
assets/2014-/16. drive-download-20181222T072458Z-001/sspx0937.jpg,,1
assets/2014-/16. drive-download-20181222T072458Z-001/sspx0935.jpg,,1
assets/2014-/16.08. drive-download-20181222T081752Z-001/2015-08-15 14.00.04.jpg,,1
assets/2014-/16.08. drive-download-20181222T082913Z-001/2016-08-19 13.26.09.jpg,,1
assets/2014-/16.08. drive-download-20181222T082913Z-001/2016-08-19 10.20.05.jpg,,1
assets/2014-/16. drive-download-20181222T072458Z-001/sspx1005.jpg,,1
assets/2014-/16.08. drive-download-20181222T081752Z-001/2015-12-20 19.05.04.jpg,,1
assets/2014-/16.08. drive-download-20181222T081752Z-001/2015-08-15 14.01.08.jpg,,1
assets/2014-/16.08. drive-download-20181222T081752Z-001/2015-08-28 14.03.21.jpg,,1
assets/2014-/16.08. drive-download-20181222T081752Z-001/2015-08-28 13.53.33.jpg,,1
assets/2014-/16.12. drive-download-20181222T082633Z-001/2016-12-23 11.14.59.jpg,,1
assets/2014-/16.08. drive-download-20181222T081752Z-001/2016-06-17 20.29.02.jpg,,1
assets/2014-/16.12. drive-download-20181222T082633Z-001/2016-12-23 11.16.23.jpg,,1
assets/2014-/16.08. drive-download-20181222T081752Z-001/2015-12-29 13.17.13.jpg,,1
assets/2014-/16.12. drive-download-20181222T082633Z-001/sspx1158.jpg,,1
assets/2014-/16.12. drive-download-20181222T082633Z-001/sspx1122.jpg,,1
assets/2014-/16.12. drive-download-20181222T082633Z-001/sspx1064.jpg,,1
assets/2014-/16.12. drive-download-20181222T082633Z-001/2016-12-28 11.08.39.jpg,,1
assets/2014-/16.12. drive-download-20181222T082359Z-001/108.jpg,,1
assets/2014-/16.12. drive-download-20181222T082359Z-001/037.jpg,,1
assets/2014-/16.12. drive-download-20181222T082359Z-001/039.jpg,,1
assets/2014-/17.09 drive-download-20181222T083727Z-001/2017-08-13 18.31.41.jpg,,1
assets/2014-/16.12. drive-download-20181222T082359Z-001/092.jpg,,1
assets/2014-/17.09 drive-download-20181222T083727Z-001/2017-08-13 18.11.21.jpg,,1
assets/2014-/17.04 drive-download-20181222T083251Z-001/2017-04-28 19.01.43.jpg,,1
assets/2014-/17.04 drive-download-20181222T083251Z-001/2017-04-28 18.46.59.jpg,,1
assets/2014-/17.09 drive-download-20181222T083727Z-001/2017-08-31 10.43.25-1.jpg,,1
assets/2014-/17.09 drive-download-20181222T083727Z-001/2017-08-30 16.27.16.jpg,,1
assets/2014-/17.09 drive-download-20181222T083727Z-001/2017-08-29 17.35.00.jpg,,1
assets/2014-/17.09 drive-download-20181222T083727Z-001/2017-08-31 12.08.21.jpg,,1
assets/2014-/17.09 drive-download-20181222T083727Z-001/2017-09-01 09.24.42-1.jpg,,1
assets/2014-/17.09 drive-download-20181222T083727Z-001/2017-09-01 09.29.34-1.jpg,,1
assets/2014-/17.09 drive-download-20181222T083727Z-001/2017-08-31 12.43.47.jpg,,1
assets/2014-/17.09 drive-download-20181222T083727Z-001/2017-09-01 09.22.49.jpg,,1
assets/2014-/17.09 drive-download-20181222T083727Z-001/2017-09-03 14.53.12.jpg,,1
assets/2014-/17.09 drive-download-20181222T083727Z-001/2017-09-01 12.10.13.jpg,,1
assets/2014-/17.09 drive-download-20181222T083727Z-001/2017-09-01 09.30.16 HDR.jpg,,1
assets/2014-/17.09 drive-download-20181222T083727Z-001/2017-09-02 09.25.47.jpg,,1
assets/2014-/18.05/2018-04-10 17.35.28.jpg,,1
assets/2014-/17.12. drive-download-20181222T083029Z-001/2017-12-25 16.40.28 HDR.jpg,,1
assets/2014-/17.12. drive-download-20181222T083029Z-001/2017-12-25 16.39.38 HDR.jpg,,1
assets/2014-/18.05/2018-05-11 17.24.50.png,,1
assets/2014-/18.09 drive-download-20181222T084001Z-001/2018-09-02 13.12.40-1.jpg,,1
assets/2014-/18.05/2018-05-11 18.00.42.jpg,,1
assets/2014-/18.09 drive-download-20181222T084001Z-001/2018-09-02 13.00.04 HDR.jpg,,1
assets/2014-/18.09 drive-download-20181222T084001Z-001/2018-04-10 18.36.58.jpg,,1
assets/2014-/18.09 drive-download-20181222T084001Z-001/2018-09-02 13.33.09.jpg,,1
assets/1988-1991/2018-08-21 18.43.16.jpg,second,2
assets/1988-1991/2018-08-21 18.43.16.jpg,third,3
